{
    "$schema": "https://raw.githubusercontent.com/Microsoft/azure-pipelines-task-lib/master/tasks.schema.json",
    "id": "33f33135-80d0-422f-90ac-7faddeed30d2",
    "name": "FLywayBuildTask",
    "friendlyName": "Flyway Build",
    "description": "Runs a Flyway Build",
    "helpMarkDown": "",
    "category": "Utility",
    "author": "MikielAgutu",
    "version": {
        "Major": 0,
        "Minor": 0,
        "Patch": 9
    },
    "demands": [
        "npm"
    ],
    "instanceNameFormat": "Flyway CLI",
    "groups": [
        {
            "name": "CheckParameters",
            "displayName": "Check Parameters",
            "isExpanded": true,
            "visibleRule": "shouldRunCheck==true"
        }
    ],
    "inputs": [
        {
            "name": "workingDirectory",
            "type": "filePath",
            "label": "SQL scripts directory",
            "defaultValue": "$(System.DefaultWorkingDirectory)",
            "helpMarkDown": "Flyway SQL scripts directory. If empty, the root of the repository (build) or artifacts (release) is used, which is $(System.DefaultWorkingDirectory)",
            "required": true
        },
        {
            "name": "url",
            "type": "string",
            "label": "JDBC url",
            "helpMarkDown": "The jdbc url must follow standard format. These formats can be found on Flyway documentation. [Ex for SQL Server](https://flywaydb.org/documentation/database/sqlserver). But first be sure [your database is supported](https://flywaydb.org/documentation/commandline/#jdbc-drivers)",
            "required": true
        },
        {
            "name": "user",
            "type": "string",
            "label": "Database user",
            "helpMarkDown": "The user to use to connect to the database",
            "required": false
        },
        {
            "name": "password",
            "type": "string",
            "label": "Database password",
            "helpMarkDown": "The password to use to connect to the database",
            "required": false
        },
        {
            "name": "shouldRunCheck",
            "type": "boolean",
            "defaultValue": "false",
            "label": "Run Check",
            "helpMarkDown": "Whether to run the check command as part of the build",
            "required": true
        },
        {
            "name": "checkRulesLocation",
            "type": "string",
            "label": "Check Rules Location",
            "defaultValue": "$(Build.SourcesDirectory)\\templates\\rules",
            "helpMarkDown": "The location of the rules folder",
            "required": true,
            "groupName": "CheckParameters"
        },
        {
            "name": "checkMajorRules",
            "type": "string",
            "label": "Check Major Rules",
            "defaultValue": "RX100,RX101",
            "helpMarkDown": "The rules to use for Check command",
            "required": true,
            "groupName": "CheckParameters"
        },
        {
            "name": "checkMajorTolerance",
            "type": "string",
            "defaultValue": "0",
            "label": "Check Major Tolerance",
            "helpMarkDown": "The major tolerance for the check command",
            "required": true,
            "groupName": "CheckParameters"
        },
        {
            "name": "commandOptions",
            "type": "string",
            "label": "Command Options",
            "required": false,
            "helpMarkDown": "Any additional options for the selected command such as `-input=true`. Multiple options can be provided delimited by spaces as `-option1=value -option2=value -option3=value`"
        },
        {
            "name": "licenseKey",
            "type": "string",
            "label": "License Key",
            "helpMarkDown": "The license key to enable Flyway Teams or Enterprise Edition features",
            "required": false
        }
    ],
    "execution": {
        "Node20_1": {
            "target": "index.js"
        }
    }
}